feature,coefficient,absolute_coefficient
categorical__Claim_Type_Medical,-0.049384164951856706,0.049384164951856706
categorical__Claim_Type_Accident,0.030798729482438943,0.030798729482438943
categorical__Policy_Type_Auto,0.0297102659844236,0.0297102659844236
categorical__Policy_Type_Health,-0.028600217631516163,0.028600217631516163
categorical__Claim_Type_Theft,0.027385050912724158,0.027385050912724158
categorical__Policy_Type_Life,-0.024555564026353324,0.024555564026353324
categorical__Policy_Type_Home,0.023025979356220555,0.023025979356220555
numeric__Age,-0.021462394811215434,0.021462394811215434
categorical__Region_North,-0.018501820307080582,0.018501820307080582
categorical__Region_East,0.017068894086473822,0.017068894086473822
numeric__Coverage_Amount,0.014229396440780723,0.014229396440780723
categorical__Region_South,0.010415613538225432,0.010415613538225432
categorical__Region_West,-0.009402223634846062,0.009402223634846062
categorical__Claim_Type_Property,-0.009219151760532448,0.009219151760532448
numeric__Credit_Score,0.00799232874683754,0.00799232874683754
numeric__Premium_Amount,0.006225590801240704,0.006225590801240704
numeric__Claim_Amount,0.0002611028574850067,0.0002611028574850067
categorical__Gender_Male,-0.000230313784609913,0.000230313784609913
categorical__Gender_Female,-0.0001892225326187319,0.0001892225326187319
