time_months,survival_probability,events,at_risk
1.0,0.9947,53,10000
1.1,0.9943887996662842,3,9589
1.2,0.9941801793369721,2,9533
1.3,0.9937617093046299,4,9503
1.4,0.9929213188527867,8,9460
1.5,0.992604900331801,3,9414
1.6,0.9921814340773932,4,9376
1.7,0.991543648711584,6,9334
1.8,0.9910108471808415,5,9305
1.9,0.9905829033841532,4,9263
2.0,0.9899384122303574,6,9222
2.1,0.9890759087128401,8,9182
2.2,0.9888595280721241,2,9142
2.3,0.9885339240128312,3,9111
2.4,0.9876623931122248,8,9074
2.5,0.9870061390304227,6,9030
2.6,0.9864572534008873,5,8991
2.7,0.986127040082409,3,8962
2.8,0.9857951597682687,3,8914
2.9,0.9854618581251599,3,8873
3.0,0.9849043440619526,5,8838
3.1,0.9843449300303373,5,8803
3.2,0.9836704902016081,6,8757
3.3,0.9829942730910204,6,8728
3.4,0.9827680113179531,2,8689
3.5,0.9823138146633867,4,8655
3.6,0.9817436963728102,5,8615
3.7,0.9812860070038718,4,8580
3.8,0.9808268721310194,4,8549
3.9,0.9805965229360614,2,8516
4.0,0.9802499815803295,3,8489
4.1,0.9797866159544347,4,8462
4.2,0.9793219868538043,4,8435
4.3,0.9790891198969969,2,8411
4.4,0.978738359524452,3,8374
4.5,0.9783862531473596,3,8339
4.6,0.9779153091025233,4,8310
4.7,0.9770885691069052,7,8280
4.8,0.9764958913384308,5,8243
4.9,0.9761390718897078,3,8210
5.0,0.976019666498651,1,8175
5.1,0.9758998800889187,1,8148
5.2,0.9751782385704896,6,8114
5.3,0.9746952379570322,4,8076
5.4,0.9744528367538595,2,8042
5.5,0.9742098916437238,2,8022
5.6,0.9739662782674688,2,7998
5.8,0.9735982345800016,3,7939
5.9,0.9733521589488681,2,7913
6.0,0.972486847148939,7,7874
6.1,0.9723629003165213,1,7846
6.2,0.9718653371079673,4,7817
6.3,0.9716152752690099,2,7773
6.4,0.9712388261116023,3,7743
6.5,0.9708612060392416,3,7716
6.6,0.9703560753389091,4,7688
6.7,0.9698494942502435,4,7662
6.8,0.969595040755753,2,7623
6.9,0.9690842571177939,4,7593
7.0,0.968828088929288,2,7566
7.1,0.9681858003526973,5,7542
7.2,0.9679282356279426,2,7518
7.3,0.9675407026362325,3,7493
7.4,0.9671518718113284,3,7465
7.5,0.9667617863561747,3,7438
7.6,0.9659786662376197,6,7407
7.7,0.9655855125273074,3,7371
7.8,0.964927756728583,5,7340
7.9,0.9643995357039608,4,7307
8.0,0.9641345543780359,2,7279
8.1,0.9636029846719695,4,7255
8.2,0.962802871482372,6,7226
8.3,0.9625354633803077,2,7201
8.4,0.9621325602981058,3,7167
8.5,0.9615933238904846,4,7137
8.6,0.9611877594350268,3,7113
8.7,0.9606448688620615,4,7082
8.8,0.9596910370773757,7,7050
8.9,0.959281029513828,3,7022
9.0,0.9588692030844431,3,6988
9.1,0.9584564311502699,3,6969
9.2,0.9581804177791684,2,6945
9.3,0.958041752016827,1,6910
9.4,0.9574852363316589,4,6886
9.5,0.9573456001589403,1,6857
9.6,0.9572053502907659,1,6826
9.7,0.9567828674231961,3,6797
9.8,0.9566415822980597,1,6772
9.9,0.9557906038705152,6,6745
10.0,0.9553633394074528,3,6711
10.1,0.9549349253539068,3,6690
10.2,0.9542184375647756,5,6664
10.3,0.9539313250515924,2,6647
10.4,0.9537872266641224,1,6620
10.5,0.9536427134479613,1,6600
10.6,0.9526272739903806,7,6574
10.7,0.95219055610805,3,6544
10.8,0.951898428310502,2,6519
10.9,0.950872833574751,7,6497
11.0,0.9507257307230222,1,6464
11.1,0.9505782170332281,1,6445
11.2,0.9504303131562974,1,6427
11.3,0.9499843111322918,3,6393
11.4,0.9495369087879594,3,6370
11.5,0.9486399910529582,6,6352
11.9,0.9484885237064704,1,6263
12.0,0.9483365710432685,1,6242
12.1,0.9481841543651838,1,6222
12.2,0.9477255035326949,3,6202
12.3,0.9469592312950391,5,6184
12.4,0.9468055041471016,1,6160
12.5,0.9463425940244743,3,6136
12.6,0.9457235637094951,4,6115
12.7,0.9454125215902024,2,6081
12.8,0.9451002981682769,2,6056
12.9,0.9447874546402503,2,6042
13.1,0.9443151396320981,3,6001
13.2,0.9441571217037795,1,5976
13.3,0.9436819545564701,3,5961
13.4,0.9435228444646548,1,5931
13.5,0.9430440608832282,3,5912
13.6,0.9427235156551917,2,5884
13.7,0.9417585990577965,6,5862
13.8,0.9415970624198792,1,5830
13.9,0.9414350811602163,1,5813
14.0,0.9411100561019874,2,5793
14.1,0.9407837915652906,2,5769
14.3,0.9404550760546109,2,5724
14.4,0.9401250918173988,2,5700
14.5,0.9396285468745376,3,5680
14.6,0.9392964052885091,2,5658
14.7,0.939129951911708,1,5643
14.8,0.9387958014217911,2,5621
14.9,0.9384605770684893,2,5601
15.0,0.9381239095968953,2,5575
15.1,0.9376173632094239,3,5556
15.2,0.9369406274727156,4,5542
15.3,0.9360907176147033,5,5512
15.4,0.9359199916038307,1,5483
15.5,0.935406032245454,3,5463
15.6,0.9352341773800773,1,5443
15.7,0.934716615577432,3,5421
15.8,0.9343707444893368,2,5405
15.9,0.9338506865610496,3,5390
16.0,0.9333280089379744,3,5360
16.1,0.9331530318084398,1,5334
16.2,0.9326264217453424,3,5316
16.3,0.9324503548354414,1,5297
16.4,0.932273821258229,1,5282
16.5,0.9320966839180697,1,5263
16.7,0.9319184286715755,1,5229
16.8,0.9312022569684657,4,5205
16.9,0.9308432738316236,2,5188
17.0,0.9306630873674673,1,5166
17.2,0.9302999017723971,2,5125
17.4,0.9301169879104677,1,5086
17.5,0.9299336413723422,1,5073
17.6,0.9297498600202924,1,5060
17.7,0.929565312608617,1,5038
17.8,0.9291950416217185,2,5021
17.9,0.9284521313345935,4,5003
18.0,0.9282656951636428,1,4980
18.3,0.928076984918641,1,4919
18.4,0.9275090063476993,3,4902
18.6,0.9271274724084365,2,4862
18.7,0.9269361148289921,1,4845
18.8,0.9265524492185496,2,4832
18.9,0.926359738642589,1,4808
19.0,0.9259727072080193,2,4787
19.1,0.9255839697154886,2,4764
19.2,0.9253891509468682,1,4751
19.3,0.92519359110939,1,4732
19.4,0.9248008943389701,2,4712
19.6,0.924603329524969,1,4681
19.7,0.924206759364332,2,4663
19.8,0.9240078341040299,1,4646
19.9,0.9232093827459793,4,4629
20.0,0.9230090334875709,1,4608
20.2,0.9228068409282089,1,4565
20.3,0.9224011223786691,2,4549
20.4,0.9217903955265093,3,4531
20.5,0.9213825236700817,2,4520
20.6,0.9211778174884175,1,4501
20.8,0.9207659338230975,2,4473
20.9,0.9203534042828542,2,4464
21.0,0.9199397623034012,2,4450
21.1,0.9197321946675024,1,4432
21.4,0.9195229744230377,1,4396
21.5,0.9191031967583844,2,4381
21.6,0.918892586493316,1,4364
21.7,0.9184699128104763,2,4348
21.9,0.9176194777060221,4,4320
22.0,0.9174061770370993,1,4302
22.1,0.9169786811484519,2,4292
22.3,0.9163327698914795,3,4259
22.4,0.9154689162314357,4,4243
22.5,0.9150352502360631,2,4222
22.6,0.9148175402074559,1,4203
22.8,0.914597948863191,1,4166
22.9,0.9143774575544005,1,4148
23.1,0.914155197598748,1,4114
23.2,0.9132637737103045,4,4102
23.3,0.9128158758320749,2,4078
23.4,0.9123664342388538,2,4062
23.6,0.9119134221066597,2,4028
23.7,0.9112311926138118,3,4010
23.9,0.9100858542621102,5,3978
24.0,0.9096262149417759,2,3960
24.1,0.9089337818931016,3,3941
24.2,0.9087019110303737,1,3920
24.3,0.9082369829612867,2,3909
24.5,0.9077680944827317,2,3874
24.6,0.907062575238315,3,3860
24.9,0.9065876733664625,2,3820
25.2,0.9061079973488083,2,3780
25.3,0.9056269206313414,2,3767
25.6,0.9051409389191701,2,3727
25.7,0.9048972939827181,1,3715
25.8,0.9046527271465066,1,3700
25.9,0.9044076302277456,1,3691
26.4,0.9041588248274078,1,3635
26.5,0.9039091951132092,1,3622
26.6,0.9031580240369378,3,3610
26.7,0.9026558511016934,2,3597
26.8,0.9024042046419494,1,3587
26.9,0.9021515718858906,1,3572
27.0,0.9018977307007792,1,3554
27.1,0.9016431730573412,1,3543
27.2,0.9011323270669405,2,3530
27.3,0.9003636614481743,3,3517
27.5,0.8998479892480321,2,3492
27.6,0.8995891891360828,1,3477
27.7,0.8990694957859175,2,3462
27.9,0.8988081383743519,1,3440
28.1,0.898544480956231,1,3409
28.2,0.8974861246771305,4,3396
28.3,0.8972207532623826,1,3382
28.4,0.8966884359955405,2,3371
28.5,0.896154533979467,2,3359
28.6,0.8958866252996525,1,3345
28.9,0.8953456309607034,2,3312
29.0,0.8948034901002972,2,3303
29.1,0.8945311822822509,1,3286
29.2,0.8942576253457731,1,3270
29.3,0.8937086642497966,2,3258
29.5,0.893432487283094,1,3236
29.7,0.8928768700646343,2,3216
29.9,0.8923170726539356,2,3190
30.0,0.8920357621013966,1,3172
30.1,0.8917538291803784,1,3164
30.3,0.8911845640484407,2,3133
30.6,0.8908971778620336,1,3101
30.8,0.8900297025184484,3,3081
30.9,0.8894489327288767,2,3065
31.0,0.8888668326420123,2,3056
31.1,0.888574634472176,1,3042
31.2,0.8882816655851097,1,3033
31.3,0.8879881157947642,1,3026
31.4,0.8874000441949002,2,3020
31.5,0.8865147099306552,3,3007
31.6,0.8862187116969554,1,2995
31.8,0.8853244445812168,3,2973
31.9,0.8850249437542272,1,2956
32.2,0.8847232992607869,1,2934
33.2,0.8844100119735132,1,2824
33.4,0.8840944893149426,1,2803
33.5,0.8831438500791201,3,2790
33.6,0.8821894439010807,3,2776
33.7,0.8815517934175959,2,2767
33.8,0.8812319270194038,1,2756
33.9,0.8805900975022739,2,2746
34.1,0.8802665890167845,1,2722
34.2,0.8792932017086199,3,2713
34.3,0.8786428369144567,2,2704
34.5,0.8783158392081245,1,2687
34.9,0.877984649223506,1,2652
35.0,0.8776524567720405,1,2643
35.1,0.8769847865881135,2,2629
35.2,0.876650314892237,1,2622
35.3,0.876315331967173,1,2617
35.5,0.8759777682799745,1,2596
35.6,0.8756391607158925,1,2587
35.7,0.8749606336638074,2,2581
35.9,0.8739364893403616,3,2563
36.1,0.8735932307035429,1,2546
36.4,0.8732454626976897,1,2512
36.5,0.8725477036384026,2,2503
36.6,0.8718471434588455,2,2491
37.0,0.871491722691027,1,2453
37.3,0.8711327887030982,1,2428
37.6,0.8707714727393059,1,2411
37.9,0.8704071332109631,1,2390
38.3,0.870038940684224,1,2364
39.5,0.8692655727369492,2,2250
39.8,0.8688769873222254,1,2237
40.0,0.8684859535745557,1,2222
40.1,0.8680936834961571,1,2214
40.4,0.8673019883903694,2,2193
40.6,0.8665029999164953,2,2171
40.8,0.8661009103573692,1,2155
40.9,0.865697133709184,1,2145
41.2,0.8648773447568079,2,2112
41.6,0.8644627343326675,1,2086
41.7,0.8640469273416465,1,2079
42.0,0.863627079466359,1,2058
42.6,0.86320017532426,1,2023
43.0,0.8627685752365979,1,2000
43.2,0.8623350231887403,1,1990
43.3,0.8618999399277975,1,1982
43.5,0.8614637557476721,1,1976
44.7,0.861011306296124,1,1904
44.9,0.8605555035929497,1,1889
45.9,0.8600867914450233,1,1836
46.2,0.8591437138228248,2,1824
46.3,0.8586708774365712,1,1817
46.4,0.8581959488539183,1,1808
47.0,0.8577119127857548,1,1773
47.4,0.8572201054963134,1,1744
47.7,0.8567251747194681,1,1732
47.8,0.855730717174814,2,1723
48.2,0.8552276420912309,1,1701
48.5,0.853706786770381,3,1687
48.8,0.8531940499615099,1,1665
49.2,0.8526750754785649,1,1644
49.3,0.8521545168244266,1,1638
49.9,0.8510913171777336,2,1603
50.0,0.8500274530312614,2,1600
50.8,0.8494786941848887,1,1549
51.4,0.8489205610086832,1,1522
51.8,0.8483542364182838,1,1499
52.0,0.8477852530269905,1,1491
52.3,0.847211261657304,1,1477
52.4,0.8466353192632474,1,1471
52.9,0.8454675464090912,2,1450
53.2,0.8448783704185622,1,1435
53.4,0.8442846400106784,1,1423
53.5,0.8436888145766553,1,1417
53.8,0.8430878966175552,1,1404
54.2,0.8424787290621958,1,1384
54.4,0.8418673511746325,1,1378
54.9,0.8412496935435433,1,1363
56.4,0.8406035724271503,1,1302
56.6,0.8399544576994074,1,1295
57.4,0.8386296083970424,2,1268
57.6,0.8379624408485961,1,1257
57.7,0.8372936759317177,1,1253
58.1,0.8366195264341881,1,1242
58.5,0.8359371287780428,1,1226
58.6,0.8352536151813315,1,1223
58.7,0.8345695417864246,1,1221
59.0,0.8338826532746663,1,1215
59.1,0.8331940631398399,1,1211
59.5,0.8324985756080037,1,1198
59.6,0.8318025065648531,1,1196
59.7,0.8311046856700839,1,1192
60.0,0.7846978250489116,66,1182
