term,count
customer,15621
policy,6454
asked,6121
recent,4937
customer currently,4269
holds single,4269
policy asked,4269
currently holds,4269
holds,4269
currently,4269
single,4269
asked alternatives,4269
single policy,4269
alternatives,4269
service,3433
premium,3085
recent premium,3085
premium increase,3085
frustrated,3085
frustrated recent,3085
increase,3085
customer frustrated,3085
repeated,2838
renewal,2301
requested,2191
policy service,2185
major concerns,2185
interaction,2185
interaction major,2185
completed,2185
customer completed,2185
service interaction,2185
routine,2185
concerns,2185
completed routine,2185
major,2185
routine policy,2185
increase customer,2083
claims affected,1852
asked recent,1852
affected renewal,1852
claims,1852
renewal pricing,1852
customer asked,1852
pricing,1852
recent claims,1852
affected,1852
payment timing,1590
repeated payment,1590
payment,1590
